"Date","Case_Status","Cases_Count"
"2020-02-28","Active",1
"2020-02-28","Deceased",0
"2020-02-28","Recovered",0
"2020-02-29","Active",1
"2020-02-29","Deceased",0
"2020-02-29","Recovered",0
"2020-03-01","Active",1
"2020-03-01","Deceased",0
"2020-03-01","Recovered",0
"2020-03-02","Active",1
"2020-03-02","Deceased",0
"2020-03-02","Recovered",0
"2020-03-03","Active",1
"2020-03-03","Deceased",0
"2020-03-03","Recovered",0
"2020-03-04","Active",3
"2020-03-04","Deceased",0
"2020-03-04","Recovered",0
"2020-03-05","Active",3
"2020-03-05","Deceased",0
"2020-03-05","Recovered",0
"2020-03-06","Active",4
"2020-03-06","Deceased",0
"2020-03-06","Recovered",0
"2020-03-07","Active",5
"2020-03-07","Deceased",0
"2020-03-07","Recovered",0
"2020-03-08","Active",5
"2020-03-08","Deceased",0
"2020-03-08","Recovered",0
"2020-03-09","Active",5
"2020-03-09","Deceased",0
"2020-03-09","Recovered",0
"2020-03-10","Active",5
"2020-03-10","Deceased",0
"2020-03-10","Recovered",0
"2020-03-11","Active",5
"2020-03-11","Deceased",0
"2020-03-11","Recovered",0
"2020-03-12","Active",5
"2020-03-12","Deceased",0
"2020-03-12","Recovered",0
"2020-03-13","Active",5
"2020-03-13","Deceased",0
"2020-03-13","Recovered",0
"2020-03-14","Active",6
"2020-03-14","Deceased",0
"2020-03-14","Recovered",0
"2020-03-15","Active",8
"2020-03-15","Deceased",0
"2020-03-15","Recovered",0
"2020-03-16","Active",8
"2020-03-16","Deceased",0
"2020-03-16","Recovered",0
"2020-03-17","Active",12
"2020-03-17","Deceased",0
"2020-03-17","Recovered",0
"2020-03-18","Active",20
"2020-03-18","Deceased",0
"2020-03-18","Recovered",0
"2020-03-19","Active",28
"2020-03-19","Deceased",0
"2020-03-19","Recovered",0
"2020-03-20","Active",39
"2020-03-20","Deceased",0
"2020-03-20","Recovered",0
"2020-03-21","Active",52
"2020-03-21","Deceased",0
"2020-03-21","Recovered",0
"2020-03-22","Active",66
"2020-03-22","Deceased",0
"2020-03-22","Recovered",0
"2020-03-23","Active",102
"2020-03-23","Deceased",0
"2020-03-23","Recovered",0
"2020-03-24","Active",143
"2020-03-24","Deceased",0
"2020-03-24","Recovered",12
"2020-03-25","Active",183
"2020-03-25","Deceased",0
"2020-03-25","Recovered",22
"2020-03-26","Active",256
"2020-03-26","Deceased",0
"2020-03-26","Recovered",27
"2020-03-27","Active",331
"2020-03-27","Deceased",0
"2020-03-27","Recovered",37
"2020-03-28","Active",401
"2020-03-28","Deceased",0
"2020-03-28","Recovered",50
"2020-03-29","Active",457
"2020-03-29","Deceased",1
"2020-03-29","Recovered",56
"2020-03-30","Active",525
"2020-03-30","Deceased",1
"2020-03-30","Recovered",63
"2020-03-31","Active",572
"2020-03-31","Deceased",1
"2020-03-31","Recovered",74
"2020-04-01","Active",625
"2020-04-01","Deceased",1
"2020-04-01","Recovered",82
"2020-04-02","Active",704
"2020-04-02","Deceased",1
"2020-04-02","Recovered",92
"2020-04-03","Active",764
"2020-04-03","Deceased",1
"2020-04-03","Recovered",103
"2020-04-04","Active",822
"2020-04-04","Deceased",1
"2020-04-04","Recovered",127
"2020-04-05","Active",882
"2020-04-05","Deceased",1
"2020-04-05","Recovered",156
"2020-04-06","Active",929
"2020-04-06","Deceased",1
"2020-04-06","Recovered",176
"2020-04-07","Active",918
"2020-04-07","Deceased",1
"2020-04-07","Recovered",241
"2020-04-08","Active",927
"2020-04-08","Deceased",1
"2020-04-08","Recovered",282
"2020-04-09","Active",921
"2020-04-09","Deceased",1
"2020-04-09","Recovered",317
"2020-04-10","Active",908
"2020-04-10","Deceased",2
"2020-04-10","Recovered",373
"2020-04-11","Active",886
"2020-04-11","Deceased",4
"2020-04-11","Recovered",422
"2020-04-12","Active",855
"2020-04-12","Deceased",4
"2020-04-12","Recovered",471
"2020-04-13","Active",798
"2020-04-13","Deceased",5
"2020-04-13","Recovered",546
"2020-04-14","Active",729
"2020-04-14","Deceased",9
"2020-04-14","Recovered",628
"2020-04-15","Active",649
"2020-04-15","Deceased",9
"2020-04-15","Recovered",728
"2020-04-16","Active",622
"2020-04-16","Deceased",9
"2020-04-16","Recovered",770
"2020-04-17","Active",582
"2020-04-17","Deceased",11
"2020-04-17","Recovered",816
"2020-04-18","Active",544
"2020-04-18","Deceased",11
"2020-04-18","Recovered",867
"2020-04-19","Active",507
"2020-04-19","Deceased",12
"2020-04-19","Recovered",912
"2020-04-20","Active",454
"2020-04-20","Deceased",12
"2020-04-20","Recovered",974
"2020-04-21","Active",426
"2020-04-21","Deceased",13
"2020-04-21","Recovered",1006
"2020-04-22","Active",401
"2020-04-22","Deceased",14
"2020-04-22","Recovered",1036
"2020-04-23","Active",370
"2020-04-23","Deceased",16
"2020-04-23","Recovered",1065
"2020-04-24","Active",344
"2020-04-24","Deceased",17
"2020-04-24","Recovered",1095
"2020-04-25","Active",325
"2020-04-25","Deceased",18
"2020-04-25","Recovered",1118
"2020-04-26","Active",310
"2020-04-26","Deceased",18
"2020-04-26","Recovered",1142
"2020-04-27","Active",270
"2020-04-27","Deceased",19
"2020-04-27","Recovered",1180
"2020-04-28","Active",239
"2020-04-28","Deceased",19
"2020-04-28","Recovered",1214
"2020-04-29","Active",226
"2020-04-29","Deceased",19
"2020-04-29","Recovered",1229
"2020-04-30","Active",216
"2020-04-30","Deceased",19
"2020-04-30","Recovered",1241
"2020-05-01","Active",208
"2020-05-01","Deceased",19
"2020-05-01","Recovered",1252
"2020-05-02","Active",202
"2020-05-02","Deceased",20
"2020-05-02","Recovered",1263
"2020-05-03","Active",201
"2020-05-03","Deceased",20
"2020-05-03","Recovered",1266
"2020-05-04","Active",191
"2020-05-04","Deceased",20
"2020-05-04","Recovered",1276
"2020-05-05","Active",164
"2020-05-05","Deceased",20
"2020-05-05","Recovered",1302
"2020-05-06","Active",151
"2020-05-06","Deceased",21
"2020-05-06","Recovered",1316
"2020-05-07","Active",136
"2020-05-07","Deceased",21
"2020-05-07","Recovered",1332
"2020-05-08","Active",122
"2020-05-08","Deceased",21
"2020-05-08","Recovered",1347
"2020-05-09","Active",103
"2020-05-09","Deceased",21
"2020-05-09","Recovered",1368
"2020-05-10","Active",102
"2020-05-10","Deceased",21
"2020-05-10","Recovered",1371
"2020-05-11","Active",90
"2020-05-11","Deceased",21
"2020-05-11","Recovered",1386
"2020-05-12","Active",78
"2020-05-12","Deceased",21
"2020-05-12","Recovered",1398
"2020-05-13","Active",74
"2020-05-13","Deceased",21
"2020-05-13","Recovered",1402
"2020-05-14","Active",65
"2020-05-14","Deceased",21
"2020-05-14","Recovered",1411
"2020-05-15","Active",56
"2020-05-15","Deceased",21
"2020-05-15","Recovered",1421
"2020-05-16","Active",49
"2020-05-16","Deceased",21
"2020-05-16","Recovered",1428
"2020-05-17","Active",45
"2020-05-17","Deceased",21
"2020-05-17","Recovered",1433
"2020-05-18","Active",45
"2020-05-18","Deceased",21
"2020-05-18","Recovered",1433
"2020-05-19","Active",40
"2020-05-19","Deceased",21
"2020-05-19","Recovered",1442
"2020-05-20","Active",35
"2020-05-20","Deceased",21
"2020-05-20","Recovered",1447
"2020-05-21","Active",30
"2020-05-21","Deceased",21
"2020-05-21","Recovered",1452
"2020-05-22","Active",28
"2020-05-22","Deceased",21
"2020-05-22","Recovered",1455
"2020-05-23","Active",28
"2020-05-23","Deceased",21
"2020-05-23","Recovered",1455
"2020-05-24","Active",27
"2020-05-24","Deceased",21
"2020-05-24","Recovered",1456
"2020-05-25","Active",27
"2020-05-25","Deceased",21
"2020-05-25","Recovered",1456
"2020-05-26","Active",22
"2020-05-26","Deceased",21
"2020-05-26","Recovered",1461
"2020-05-27","Active",21
"2020-05-27","Deceased",21
"2020-05-27","Recovered",1462
"2020-05-28","Active",8
"2020-05-28","Deceased",22
"2020-05-28","Recovered",1474
"2020-05-29","Active",1
"2020-05-29","Deceased",22
"2020-05-29","Recovered",1481
"2020-05-30","Active",1
"2020-05-30","Deceased",22
"2020-05-30","Recovered",1481
"2020-05-31","Active",1
"2020-05-31","Deceased",22
"2020-05-31","Recovered",1481
"2020-06-01","Active",1
"2020-06-01","Deceased",22
"2020-06-01","Recovered",1481
"2020-06-02","Active",1
"2020-06-02","Deceased",22
"2020-06-02","Recovered",1481
"2020-06-03","Active",1
"2020-06-03","Deceased",22
"2020-06-03","Recovered",1481
"2020-06-04","Active",1
"2020-06-04","Deceased",22
"2020-06-04","Recovered",1481
"2020-06-05","Active",1
"2020-06-05","Deceased",22
"2020-06-05","Recovered",1481
"2020-06-06","Active",1
"2020-06-06","Deceased",22
"2020-06-06","Recovered",1481
"2020-06-07","Active",1
"2020-06-07","Deceased",22
"2020-06-07","Recovered",1481
"2020-06-08","Active",0
"2020-06-08","Deceased",22
"2020-06-08","Recovered",1482
"2020-06-09","Active",0
"2020-06-09","Deceased",22
"2020-06-09","Recovered",1482
"2020-06-10","Active",0
"2020-06-10","Deceased",22
"2020-06-10","Recovered",1482
"2020-06-11","Active",0
"2020-06-11","Deceased",22
"2020-06-11","Recovered",1482
"2020-06-12","Active",0
"2020-06-12","Deceased",22
"2020-06-12","Recovered",1482
"2020-06-13","Active",0
"2020-06-13","Deceased",22
"2020-06-13","Recovered",1482
"2020-06-14","Active",0
"2020-06-14","Deceased",22
"2020-06-14","Recovered",1482
"2020-06-15","Active",0
"2020-06-15","Deceased",22
"2020-06-15","Recovered",1482
"2020-06-16","Active",2
"2020-06-16","Deceased",22
"2020-06-16","Recovered",1482
"2020-06-17","Active",2
"2020-06-17","Deceased",22
"2020-06-17","Recovered",1482
"2020-06-18","Active",3
"2020-06-18","Deceased",22
"2020-06-18","Recovered",1482
"2020-06-19","Active",3
"2020-06-19","Deceased",22
"2020-06-19","Recovered",1482
"2020-06-20","Active",5
"2020-06-20","Deceased",22
"2020-06-20","Recovered",1482
"2020-06-21","Active",7
"2020-06-21","Deceased",22
"2020-06-21","Recovered",1482
"2020-06-22","Active",9
"2020-06-22","Deceased",22
"2020-06-22","Recovered",1482
"2020-06-23","Active",10
"2020-06-23","Deceased",22
"2020-06-23","Recovered",1483
"2020-06-24","Active",11
"2020-06-24","Deceased",22
"2020-06-24","Recovered",1483
"2020-06-25","Active",13
"2020-06-25","Deceased",22
"2020-06-25","Recovered",1484
"2020-06-26","Active",14
"2020-06-26","Deceased",22
"2020-06-26","Recovered",1484
"2020-06-27","Active",16
"2020-06-27","Deceased",22
"2020-06-27","Recovered",1484
"2020-06-28","Active",20
"2020-06-28","Deceased",22
"2020-06-28","Recovered",1484
"2020-06-29","Active",22
"2020-06-29","Deceased",22
"2020-06-29","Recovered",1484
"2020-06-30","Active",22
"2020-06-30","Deceased",22
"2020-06-30","Recovered",1484
"2020-07-01","Active",22
"2020-07-01","Deceased",22
"2020-07-01","Recovered",1484
"2020-07-02","Active",18
"2020-07-02","Deceased",22
"2020-07-02","Recovered",1490
"2020-07-03","Active",18
"2020-07-03","Deceased",22
"2020-07-03","Recovered",1490
"2020-07-04","Active",18
"2020-07-04","Deceased",22
"2020-07-04","Recovered",1490
"2020-07-05","Active",21
"2020-07-05","Deceased",22
"2020-07-05","Recovered",1490
"2020-07-06","Active",22
"2020-07-06","Deceased",22
"2020-07-06","Recovered",1490
"2020-07-07","Active",22
"2020-07-07","Deceased",22
"2020-07-07","Recovered",1492
"2020-07-08","Active",23
"2020-07-08","Deceased",22
"2020-07-08","Recovered",1492
"2020-07-09","Active",24
"2020-07-09","Deceased",22
"2020-07-09","Recovered",1494
"2020-07-10","Active",23
"2020-07-10","Deceased",22
"2020-07-10","Recovered",1497
"2020-07-11","Active",24
"2020-07-11","Deceased",22
"2020-07-11","Recovered",1497
"2020-07-12","Active",25
"2020-07-12","Deceased",22
"2020-07-12","Recovered",1497
"2020-07-13","Active",25
"2020-07-13","Deceased",22
"2020-07-13","Recovered",1497
"2020-07-14","Active",25
"2020-07-14","Deceased",22
"2020-07-14","Recovered",1498
"2020-07-15","Active",27
"2020-07-15","Deceased",22
"2020-07-15","Recovered",1498
"2020-07-16","Active",27
"2020-07-16","Deceased",22
"2020-07-16","Recovered",1499
"2020-07-17","Active",21
"2020-07-17","Deceased",22
"2020-07-17","Recovered",1506
"2020-07-18","Active",22
"2020-07-18","Deceased",22
"2020-07-18","Recovered",1506
"2020-07-19","Active",25
"2020-07-19","Deceased",22
"2020-07-19","Recovered",1506
"2020-07-20","Active",26
"2020-07-20","Deceased",22
"2020-07-20","Recovered",1506
"2020-07-21","Active",27
"2020-07-21","Deceased",22
"2020-07-21","Recovered",1506
"2020-07-22","Active",27
"2020-07-22","Deceased",22
"2020-07-22","Recovered",1506
"2020-07-23","Active",22
"2020-07-23","Deceased",22
"2020-07-23","Recovered",1511
"2020-07-24","Active",21
"2020-07-24","Deceased",22
"2020-07-24","Recovered",1513
"2020-07-25","Active",21
"2020-07-25","Deceased",22
"2020-07-25","Recovered",1513
"2020-07-26","Active",21
"2020-07-26","Deceased",22
"2020-07-26","Recovered",1513
"2020-07-27","Active",21
"2020-07-27","Deceased",22
"2020-07-27","Recovered",1513
"2020-07-28","Active",21
"2020-07-28","Deceased",22
"2020-07-28","Recovered",1514
"2020-07-29","Active",23
"2020-07-29","Deceased",22
"2020-07-29","Recovered",1514
"2020-07-30","Active",24
"2020-07-30","Deceased",22
"2020-07-30","Recovered",1514
"2020-07-31","Active",20
"2020-07-31","Deceased",22
"2020-07-31","Recovered",1518
"2020-08-01","Active",22
"2020-08-01","Deceased",22
"2020-08-01","Recovered",1518
"2020-08-02","Active",25
"2020-08-02","Deceased",22
"2020-08-02","Recovered",1518
"2020-08-03","Active",27
"2020-08-03","Deceased",22
"2020-08-03","Recovered",1518
"2020-08-04","Active",22
"2020-08-04","Deceased",22
"2020-08-04","Recovered",1523
"2020-08-05","Active",24
"2020-08-05","Deceased",22
"2020-08-05","Recovered",1523
"2020-08-06","Active",23
"2020-08-06","Deceased",22
"2020-08-06","Recovered",1524
"2020-08-07","Active",23
"2020-08-07","Deceased",22
"2020-08-07","Recovered",1524
"2020-08-08","Active",23
"2020-08-08","Deceased",22
"2020-08-08","Recovered",1524
"2020-08-09","Active",23
"2020-08-09","Deceased",22
"2020-08-09","Recovered",1524
"2020-08-10","Active",21
"2020-08-10","Deceased",22
"2020-08-10","Recovered",1526
"2020-08-11","Active",22
"2020-08-11","Deceased",22
"2020-08-11","Recovered",1526
"2020-08-12","Active",22
"2020-08-12","Deceased",22
"2020-08-12","Recovered",1531
"2020-08-13","Active",36
"2020-08-13","Deceased",22
"2020-08-13","Recovered",1531
"2020-08-14","Active",49
"2020-08-14","Deceased",22
"2020-08-14","Recovered",1531
"2020-08-15","Active",56
"2020-08-15","Deceased",22
"2020-08-15","Recovered",1531
"2020-08-16","Active",69
"2020-08-16","Deceased",22
"2020-08-16","Recovered",1531
"2020-08-17","Active",78
"2020-08-17","Deceased",22
"2020-08-17","Recovered",1531
"2020-08-18","Active",90
"2020-08-18","Deceased",22
"2020-08-18","Recovered",1531
"2020-08-19","Active",96
"2020-08-19","Deceased",22
"2020-08-19","Recovered",1531
"2020-08-20","Active",101
"2020-08-20","Deceased",22
"2020-08-20","Recovered",1531
"2020-08-21","Active",105
"2020-08-21","Deceased",22
"2020-08-21","Recovered",1538
"2020-08-22","Active",111
"2020-08-22","Deceased",22
"2020-08-22","Recovered",1538
"2020-08-23","Active",114
"2020-08-23","Deceased",22
"2020-08-23","Recovered",1538
"2020-08-24","Active",123
"2020-08-24","Deceased",22
"2020-08-24","Recovered",1538
"2020-08-25","Active",129
"2020-08-25","Deceased",22
"2020-08-25","Recovered",1539
"2020-08-26","Active",134
"2020-08-26","Deceased",22
"2020-08-26","Recovered",1539
"2020-08-27","Active",126
"2020-08-27","Deceased",22
"2020-08-27","Recovered",1554
"2020-08-28","Active",131
"2020-08-28","Deceased",22
"2020-08-28","Recovered",1561
"2020-08-29","Active",137
"2020-08-29","Deceased",22
"2020-08-29","Recovered",1568
"2020-08-30","Active",137
"2020-08-30","Deceased",22
"2020-08-30","Recovered",1570
"2020-08-31","Active",131
"2020-08-31","Deceased",22
"2020-08-31","Recovered",1585
"2020-09-01","Active",132
"2020-09-01","Deceased",22
"2020-09-01","Recovered",1598
"2020-09-02","Active",129
"2020-09-02","Deceased",22
"2020-09-02","Recovered",1606
"2020-09-03","Active",115
"2020-09-03","Deceased",22
"2020-09-03","Recovered",1622
"2020-09-04","Active",112
"2020-09-04","Deceased",22
"2020-09-04","Recovered",1630
"2020-09-05","Active",112
"2020-09-05","Deceased",24
"2020-09-05","Recovered",1631
"2020-09-06","Active",116
"2020-09-06","Deceased",24
"2020-09-06","Recovered",1632
"2020-09-07","Active",118
"2020-09-07","Deceased",24
"2020-09-07","Recovered",1634
"2020-09-08","Active",123
"2020-09-08","Deceased",24
"2020-09-08","Recovered",1635
"2020-09-09","Active",125
"2020-09-09","Deceased",24
"2020-09-09","Recovered",1639
"2020-09-10","Active",120
"2020-09-10","Deceased",24
"2020-09-10","Recovered",1648
"2020-09-11","Active",114
"2020-09-11","Deceased",24
"2020-09-11","Recovered",1655
"2020-09-12","Active",108
"2020-09-12","Deceased",24
"2020-09-12","Recovered",1663
"2020-09-13","Active",97
"2020-09-13","Deceased",24
"2020-09-13","Recovered",1676
"2020-09-14","Active",96
"2020-09-14","Deceased",24
"2020-09-14","Recovered",1678
"2020-09-15","Active",83
"2020-09-15","Deceased",24
"2020-09-15","Recovered",1694
"2020-09-16","Active",79
"2020-09-16","Deceased",25
"2020-09-16","Recovered",1698
"2020-09-17","Active",77
"2020-09-17","Deceased",25
"2020-09-17","Recovered",1707
"2020-09-18","Active",70
"2020-09-18","Deceased",25
"2020-09-18","Recovered",1714
"2020-09-19","Active",67
"2020-09-19","Deceased",25
"2020-09-19","Recovered",1719
"2020-09-20","Active",71
"2020-09-20","Deceased",25
"2020-09-20","Recovered",1719
"2020-09-21","Active",62
"2020-09-21","Deceased",25
"2020-09-21","Recovered",1728
"2020-09-22","Active",61
"2020-09-22","Deceased",25
"2020-09-22","Recovered",1729
"2020-09-23","Active",62
"2020-09-23","Deceased",25
"2020-09-23","Recovered",1737
"2020-09-24","Active",65
"2020-09-24","Deceased",25
"2020-09-24","Recovered",1737
"2020-09-25","Active",60
"2020-09-25","Deceased",25
"2020-09-25","Recovered",1744
"2020-09-26","Active",61
"2020-09-26","Deceased",25
"2020-09-26","Recovered",1745
"2020-09-27","Active",59
"2020-09-27","Deceased",25
"2020-09-27","Recovered",1749
"2020-09-28","Active",55
"2020-09-28","Deceased",25
"2020-09-28","Recovered",1753
"2020-09-29","Active",55
"2020-09-29","Deceased",25
"2020-09-29","Recovered",1755
"2020-09-30","Active",44
"2020-09-30","Deceased",25
"2020-09-30","Recovered",1767
"2020-10-01","Active",53
"2020-10-01","Deceased",25
"2020-10-01","Recovered",1770
"2020-10-02","Active",43
"2020-10-02","Deceased",25
"2020-10-02","Recovered",1780
"2020-10-03","Active",41
"2020-10-03","Deceased",25
"2020-10-03","Recovered",1783
"2020-10-04","Active",41
"2020-10-04","Deceased",25
"2020-10-04","Recovered",1788
"2020-10-05","Active",40
"2020-10-05","Deceased",25
"2020-10-05","Recovered",1790
"2020-10-06","Active",43
"2020-10-06","Deceased",25
"2020-10-06","Recovered",1790
"2020-10-07","Active",37
"2020-10-07","Deceased",25
"2020-10-07","Recovered",1799
"2020-10-08","Active",39
"2020-10-08","Deceased",25
"2020-10-08","Recovered",1800
"2020-10-09","Active",41
"2020-10-09","Deceased",25
"2020-10-09","Recovered",1800
"2020-10-10","Active",44
"2020-10-10","Deceased",25
"2020-10-10","Recovered",1801
"2020-10-11","Active",45
"2020-10-11","Deceased",25
"2020-10-11","Recovered",1801
"2020-10-12","Active",45
"2020-10-12","Deceased",25
"2020-10-12","Recovered",1801
"2020-10-13","Active",39
"2020-10-13","Deceased",25
"2020-10-13","Recovered",1808
"2020-10-14","Active",40
"2020-10-14","Deceased",25
"2020-10-14","Recovered",1809
"2020-10-15","Active",42
"2020-10-15","Deceased",25
"2020-10-15","Recovered",1809
"2020-10-16","Active",46
"2020-10-16","Deceased",25
"2020-10-16","Recovered",1809
"2020-10-17","Active",40
"2020-10-17","Deceased",25
"2020-10-17","Recovered",1818
"2020-10-18","Active",42
"2020-10-18","Deceased",25
"2020-10-18","Recovered",1819
"2020-10-19","Active",37
"2020-10-19","Deceased",25
"2020-10-19","Recovered",1824
"2020-10-20","Active",33
"2020-10-20","Deceased",25
"2020-10-20","Recovered",1829
"2020-10-21","Active",56
"2020-10-21","Deceased",25
"2020-10-21","Recovered",1831
"2020-10-22","Active",58
"2020-10-22","Deceased",25
"2020-10-22","Recovered",1831
"2020-10-23","Active",61
"2020-10-23","Deceased",25
"2020-10-23","Recovered",1832
"2020-10-24","Active",74
"2020-10-24","Deceased",25
"2020-10-24","Recovered",1835
"2020-10-25","Active",70
"2020-10-25","Deceased",25
"2020-10-25","Recovered",1840
"2020-10-26","Active",74
"2020-10-26","Deceased",25
"2020-10-26","Recovered",1841
"2020-10-27","Active",68
"2020-10-27","Deceased",25
"2020-10-27","Recovered",1848
"2020-10-28","Active",66
"2020-10-28","Deceased",25
"2020-10-28","Recovered",1852
"2020-10-29","Active",70
"2020-10-29","Deceased",25
"2020-10-29","Recovered",1854
"2020-10-30","Active",68
"2020-10-30","Deceased",25
"2020-10-30","Recovered",1857
"2020-10-31","Active",75
"2020-10-31","Deceased",25
"2020-10-31","Recovered",1857
"2020-11-01","Active",77
"2020-11-01","Deceased",25
"2020-11-01","Recovered",1857
"2020-11-02","Active",81
"2020-11-02","Deceased",25
"2020-11-02","Recovered",1857
"2020-11-03","Active",75
"2020-11-03","Deceased",25
"2020-11-03","Recovered",1868
"2020-11-04","Active",73
"2020-11-04","Deceased",25
"2020-11-04","Recovered",1873
"2020-11-05","Active",67
"2020-11-05","Deceased",25
"2020-11-05","Recovered",1881
"2020-11-06","Active",44
"2020-11-06","Deceased",25
"2020-11-06","Recovered",1905
"2020-11-07","Active",43
"2020-11-07","Deceased",25
"2020-11-07","Recovered",1908
"2020-11-08","Active",48
"2020-11-08","Deceased",25
"2020-11-08","Recovered",1909
"2020-11-09","Active",51
"2020-11-09","Deceased",25
"2020-11-09","Recovered",1910
"2020-11-10","Active",52
"2020-11-10","Deceased",25
"2020-11-10","Recovered",1910
"2020-11-11","Active",52
"2020-11-11","Deceased",25
"2020-11-11","Recovered",1911
"2020-11-12","Active",53
"2020-11-12","Deceased",25
"2020-11-12","Recovered",1913
"2020-11-13","Active",53
"2020-11-13","Deceased",25
"2020-11-13","Recovered",1917
"2020-11-14","Active",55
"2020-11-14","Deceased",25
"2020-11-14","Recovered",1918
"2020-11-15","Active",58
"2020-11-15","Deceased",25
"2020-11-15","Recovered",1918
"2020-11-16","Active",58
"2020-11-16","Deceased",25
"2020-11-16","Recovered",1918
"2020-11-17","Active",61
"2020-11-17","Deceased",25
"2020-11-17","Recovered",1919
"2020-11-18","Active",64
"2020-11-18","Deceased",25
"2020-11-18","Recovered",1919
"2020-11-19","Active",37
"2020-11-19","Deceased",25
"2020-11-19","Recovered",1948
"2020-11-20","Active",40
"2020-11-20","Deceased",25
"2020-11-20","Recovered",1948
"2020-11-21","Active",42
"2020-11-21","Deceased",25
"2020-11-21","Recovered",1952
"2020-11-22","Active",50
"2020-11-22","Deceased",25
"2020-11-22","Recovered",1953
"2020-11-23","Active",52
"2020-11-23","Deceased",25
"2020-11-23","Recovered",1953
"2020-11-24","Active",53
"2020-11-24","Deceased",25
"2020-11-24","Recovered",1953
"2020-11-25","Active",59
"2020-11-25","Deceased",25
"2020-11-25","Recovered",1955
"2020-11-26","Active",60
"2020-11-26","Deceased",25
"2020-11-26","Recovered",1955
"2020-11-27","Active",66
"2020-11-27","Deceased",25
"2020-11-27","Recovered",1956
"2020-11-28","Active",69
"2020-11-28","Deceased",25
"2020-11-28","Recovered",1956
"2020-11-29","Active",68
"2020-11-29","Deceased",25
"2020-11-29","Recovered",1958
"2020-11-30","Active",72
"2020-11-30","Deceased",25
"2020-11-30","Recovered",1959
"2020-12-01","Active",72
"2020-12-01","Deceased",25
"2020-12-01","Recovered",1962
"2020-12-02","Active",72
"2020-12-02","Deceased",25
"2020-12-02","Recovered",1963
"2020-12-03","Active",70
"2020-12-03","Deceased",25
"2020-12-03","Recovered",1972
"2020-12-04","Active",61
"2020-12-04","Deceased",25
"2020-12-04","Recovered",1983
"2020-12-05","Active",59
"2020-12-05","Deceased",25
"2020-12-05","Recovered",1994
"2020-12-06","Active",56
"2020-12-06","Deceased",25
"2020-12-06","Recovered",1997
"2020-12-07","Active",56
"2020-12-07","Deceased",25
"2020-12-07","Recovered",1998
"2020-12-08","Active",54
"2020-12-08","Deceased",25
"2020-12-08","Recovered",2006
"2020-12-09","Active",55
"2020-12-09","Deceased",25
"2020-12-09","Recovered",2008
"2020-12-11","Active",57
"2020-12-11","Deceased",25
"2020-12-11","Recovered",2010
"2020-12-13","Active",56
"2020-12-13","Deceased",25
"2020-12-13","Recovered",2015
"2020-12-14","Active",56
"2020-12-14","Deceased",25
"2020-12-14","Recovered",2015
"2020-12-15","Active",43
"2020-12-15","Deceased",25
"2020-12-15","Recovered",2032
"2020-12-16","Active",43
"2020-12-16","Deceased",25
"2020-12-16","Recovered",2032
"2020-12-18","Active",51
"2020-12-18","Deceased",25
"2020-12-18","Recovered",2034
"2020-12-20","Active",55
"2020-12-20","Deceased",25
"2020-12-20","Recovered",2036
"2020-12-21","Active",59
"2020-12-21","Deceased",25
"2020-12-21","Recovered",2037
"2020-12-23","Active",49
"2020-12-23","Deceased",25
"2020-12-23","Recovered",2054
"2020-12-27","Active",50
"2020-12-27","Deceased",25
"2020-12-27","Recovered",2069
"2020-12-29","Active",49
"2020-12-29","Deceased",25
"2020-12-29","Recovered",2077
"2020-12-31","Active",55
"2020-12-31","Deceased",25
"2020-12-31","Recovered",2082
"2021-01-03","Active",72
"2021-01-03","Deceased",25
"2021-01-03","Recovered",2084
"2021-01-05","Active",61
"2021-01-05","Deceased",25
"2021-01-05","Recovered",2100
"2021-01-07","Active",62
"2021-01-07","Deceased",25
"2021-01-07","Recovered",2101
"2021-01-10","Active",75
"2021-01-10","Deceased",25
"2021-01-10","Recovered",2119
"2021-01-11","Active",77
"2021-01-11","Deceased",25
"2021-01-11","Recovered",2120
"2021-01-13","Active",62
"2021-01-13","Deceased",25
"2021-01-13","Recovered",2141
"2021-01-15","Active",76
"2021-01-15","Deceased",25
"2021-01-15","Recovered",2145
"2021-01-17","Active",82
"2021-01-17","Deceased",25
"2021-01-17","Recovered",2149
"2021-01-18","Active",85
"2021-01-18","Deceased",25
"2021-01-18","Recovered",2152
"2021-01-20","Active",76
"2021-01-20","Deceased",25
"2021-01-20","Recovered",2166
"2021-01-22","Active",73
"2021-01-22","Deceased",25
"2021-01-22","Recovered",2178
"2021-01-26","Active",66
"2021-01-26","Deceased",25
"2021-01-26","Recovered",2200
"2021-01-27","Active",68
"2021-01-27","Deceased",25
"2021-01-27","Recovered",2201
"2021-01-28","Active",69
"2021-01-28","Deceased",25
"2021-01-28","Recovered",2205
"2021-02-01","Active",69
"2021-02-01","Deceased",25
"2021-02-01","Recovered",2209
"2021-02-02","Active",72
"2021-02-02","Deceased",25
"2021-02-02","Recovered",2210
"2021-02-03","Active",61
"2021-02-03","Deceased",25
"2021-02-03","Recovered",2222
"2021-02-04","Active",60
"2021-02-04","Deceased",25
"2021-02-04","Recovered",2228
"2021-02-05","Active",62
"2021-02-05","Deceased",25
"2021-02-05","Recovered",2228
"2021-02-08","Active",66
"2021-02-08","Deceased",25
"2021-02-08","Recovered",2229
"2021-02-09","Active",67
"2021-02-09","Deceased",25
"2021-02-09","Recovered",2230
"2021-02-10","Active",59
"2021-02-10","Deceased",25
"2021-02-10","Recovered",2240
"2021-02-11","Active",54
"2021-02-11","Deceased",25
"2021-02-11","Recovered",2245
"2021-02-12","Active",44
"2021-02-12","Deceased",25
"2021-02-12","Recovered",2257
"2021-02-14","Active",47
"2021-02-14","Deceased",25
"2021-02-14","Recovered",2258
"2021-02-15","Active",47
"2021-02-15","Deceased",25
"2021-02-15","Recovered",2264
"2021-02-16","Active",46
"2021-02-16","Deceased",26
"2021-02-16","Recovered",2265
"2021-02-17","Active",49
"2021-02-17","Deceased",26
"2021-02-17","Recovered",2265
"2021-02-18","Active",46
"2021-02-18","Deceased",26
"2021-02-18","Recovered",2272
"2021-02-19","Active",50
"2021-02-19","Deceased",26
"2021-02-19","Recovered",2272
"2021-02-21","Active",51
"2021-02-21","Deceased",26
"2021-02-21","Recovered",2273
"2021-02-22","Active",54
"2021-02-22","Deceased",26
"2021-02-22","Recovered",2277
"2021-02-23","Active",60
"2021-02-23","Deceased",26
"2021-02-23","Recovered",2277
"2021-02-24","Active",62
"2021-02-24","Deceased",26
"2021-02-24","Recovered",2277
"2021-02-25","Active",65
"2021-02-25","Deceased",26
"2021-02-25","Recovered",2277
"2021-02-26","Active",67
"2021-02-26","Deceased",26
"2021-02-26","Recovered",2278
"2021-02-28","Active",65
"2021-02-28","Deceased",26
"2021-02-28","Recovered",2285
"2021-03-01","Active",67
"2021-03-01","Deceased",26
"2021-03-01","Recovered",2285
"2021-03-02","Active",69
"2021-03-02","Deceased",26
"2021-03-02","Recovered",2287
"2021-03-04","Active",68
"2021-03-04","Deceased",26
"2021-03-04","Recovered",2295
"2021-03-05","Active",68
"2021-03-05","Deceased",26
"2021-03-05","Recovered",2295
"2021-03-07","Active",72
"2021-03-07","Deceased",26
"2021-03-07","Recovered",2301
"2021-03-08","Active",78
"2021-03-08","Deceased",26
"2021-03-08","Recovered",2301
"2021-03-09","Active",79
"2021-03-09","Deceased",26
"2021-03-09","Recovered",2304
"2021-03-10","Active",80
"2021-03-10","Deceased",26
"2021-03-10","Recovered",2304
"2021-03-11","Active",85
"2021-03-11","Deceased",26
"2021-03-11","Recovered",2305
"2021-03-12","Active",86
"2021-03-12","Deceased",26
"2021-03-12","Recovered",2305
"2021-03-14","Active",87
"2021-03-14","Deceased",26
"2021-03-14","Recovered",2310
"2021-03-15","Active",93
"2021-03-15","Deceased",26
"2021-03-15","Recovered",2311
"2021-03-16","Active",95
"2021-03-16","Deceased",26
"2021-03-16","Recovered",2311
"2021-03-17","Active",97
"2021-03-17","Deceased",26
"2021-03-17","Recovered",2311
"2021-03-19","Active",55
"2021-03-19","Deceased",26
"2021-03-19","Recovered",2363
"2021-03-21","Active",58
"2021-03-21","Deceased",26
"2021-03-21","Recovered",2369
"2021-03-22","Active",63
"2021-03-22","Deceased",26
"2021-03-22","Recovered",2373
"2021-03-23","Active",68
"2021-03-23","Deceased",26
"2021-03-23","Recovered",2374
"2021-03-24","Active",67
"2021-03-24","Deceased",26
"2021-03-24","Recovered",2377
"2021-03-25","Active",71
"2021-03-25","Deceased",26
"2021-03-25","Recovered",2379
"2021-03-26","Active",74
"2021-03-26","Deceased",26
"2021-03-26","Recovered",2379
"2021-03-28","Active",75
"2021-03-28","Deceased",26
"2021-03-28","Recovered",2381
"2021-03-29","Active",86
"2021-03-29","Deceased",26
"2021-03-29","Recovered",2381
"2021-03-30","Active",80
"2021-03-30","Deceased",26
"2021-03-30","Recovered",2389
"2021-03-31","Active",72
"2021-03-31","Deceased",26
"2021-03-31","Recovered",2399
"2021-04-01","Active",67
"2021-04-01","Deceased",26
"2021-04-01","Recovered",2408
"2021-04-04","Active",61
"2021-04-04","Deceased",26
"2021-04-04","Recovered",2420
"2021-04-06","Active",74
"2021-04-06","Deceased",26
"2021-04-06","Recovered",2424
"2021-04-07","Active",81
"2021-04-07","Deceased",26
"2021-04-07","Recovered",2424
"2021-04-08","Active",95
"2021-04-08","Deceased",26
"2021-04-08","Recovered",2434
"2021-04-09","Active",95
"2021-04-09","Deceased",26
"2021-04-09","Recovered",2440
"2021-04-11","Active",108
"2021-04-11","Deceased",26
"2021-04-11","Recovered",2440
"2021-04-12","Active",100
"2021-04-12","Deceased",26
"2021-04-12","Recovered",2457
"2021-04-13","Active",102
"2021-04-13","Deceased",26
"2021-04-13","Recovered",2459
"2021-04-14","Active",101
"2021-04-14","Deceased",26
"2021-04-14","Recovered",2462
"2021-04-15","Active",101
"2021-04-15","Deceased",26
"2021-04-15","Recovered",2464
"2021-04-16","Active",100
"2021-04-16","Deceased",26
"2021-04-16","Recovered",2464
"2021-04-18","Active",102
"2021-04-18","Deceased",26
"2021-04-18","Recovered",2467
"2021-04-19","Active",102
"2021-04-19","Deceased",26
"2021-04-19","Recovered",2468
"2021-04-20","Active",86
"2021-04-20","Deceased",26
"2021-04-20","Recovered",2485
"2021-04-21","Active",83
"2021-04-21","Deceased",26
"2021-04-21","Recovered",2490
"2021-04-22","Active",80
"2021-04-22","Deceased",26
"2021-04-22","Recovered",2494
"2021-04-23","Active",32
"2021-04-23","Deceased",26
"2021-04-23","Recovered",2542
"2021-04-25","Active",33
"2021-04-25","Deceased",26
"2021-04-25","Recovered",2542
"2021-04-27","Active",36
"2021-04-27","Deceased",26
"2021-04-27","Recovered",2547
"2021-04-28","Active",27
"2021-04-28","Deceased",26
"2021-04-28","Recovered",2557
"2021-04-29","Active",23
"2021-04-29","Deceased",26
"2021-04-29","Recovered",2564
"2021-04-30","Active",23
"2021-04-30","Deceased",26
"2021-04-30","Recovered",2564
"2021-05-02","Active",24
"2021-05-02","Deceased",26
"2021-05-02","Recovered",2568
"2021-05-03","Active",25
"2021-05-03","Deceased",26
"2021-05-03","Recovered",2571
"2021-05-04","Active",24
"2021-05-04","Deceased",26
"2021-05-04","Recovered",2573
"2021-05-05","Active",25
"2021-05-05","Deceased",26
"2021-05-05","Recovered",2578
"2021-05-06","Active",28
"2021-05-06","Deceased",26
"2021-05-06","Recovered",2579
"2021-05-07","Active",26
"2021-05-07","Deceased",26
"2021-05-07","Recovered",2582
"2021-05-09","Active",27
"2021-05-09","Deceased",26
"2021-05-09","Recovered",2589
"2021-05-10","Active",27
"2021-05-10","Deceased",26
"2021-05-10","Recovered",2591
"2021-05-11","Active",24
"2021-05-11","Deceased",26
"2021-05-11","Recovered",2593
"2021-05-12","Active",22
"2021-05-12","Deceased",26
"2021-05-12","Recovered",2595
"2021-05-13","Active",18
"2021-05-13","Deceased",26
"2021-05-13","Recovered",2600
"2021-05-14","Active",18
"2021-05-14","Deceased",26
"2021-05-14","Recovered",2601
"2021-05-16","Active",19
"2021-05-16","Deceased",26
"2021-05-16","Recovered",2601
"2021-05-17","Active",18
"2021-05-17","Deceased",26
"2021-05-17","Recovered",2607
"2021-05-18","Active",19
"2021-05-18","Deceased",26
"2021-05-18","Recovered",2608
"2021-05-19","Active",25
"2021-05-19","Deceased",26
"2021-05-19","Recovered",2607
"2021-05-20","Active",24
"2021-05-20","Deceased",26
"2021-05-20","Recovered",2609
"2021-05-21","Active",23
"2021-05-21","Deceased",26
"2021-05-21","Recovered",2613
"2021-05-23","Active",27
"2021-05-23","Deceased",26
"2021-05-23","Recovered",2615
"2021-05-24","Active",24
"2021-05-24","Deceased",26
"2021-05-24","Recovered",2617
"2021-05-25","Active",22
"2021-05-25","Deceased",26
"2021-05-25","Recovered",2621
"2021-05-26","Active",22
"2021-05-26","Deceased",26
"2021-05-26","Recovered",2621
"2021-05-27","Active",21
"2021-05-27","Deceased",26
"2021-05-27","Recovered",2623
"2021-05-28","Active",21
"2021-05-28","Deceased",26
"2021-05-28","Recovered",2623
"2021-05-30","Active",16
"2021-05-30","Deceased",26
"2021-05-30","Recovered",2630
"2021-05-31","Active",17
"2021-05-31","Deceased",26
"2021-05-31","Recovered",2630
"2021-06-01","Active",13
"2021-06-01","Deceased",26
"2021-06-01","Recovered",2634
"2021-06-02","Active",18
"2021-06-02","Deceased",26
"2021-06-02","Recovered",2635
"2021-06-03","Active",17
"2021-06-03","Deceased",26
"2021-06-03","Recovered",2638
"2021-06-04","Active",17
"2021-06-04","Deceased",26
"2021-06-04","Recovered",2639
"2021-06-06","Active",17
"2021-06-06","Deceased",26
"2021-06-06","Recovered",2639
"2021-06-08","Active",22
"2021-06-08","Deceased",26
"2021-06-08","Recovered",2644
"2021-06-09","Active",24
"2021-06-09","Deceased",26
"2021-06-09","Recovered",2646
"2021-06-10","Active",24
"2021-06-10","Deceased",26
"2021-06-10","Recovered",2647
"2021-06-11","Active",29
"2021-06-11","Deceased",26
"2021-06-11","Recovered",2647
"2021-06-13","Active",27
"2021-06-13","Deceased",26
"2021-06-13","Recovered",2655
"2021-06-14","Active",27
"2021-06-14","Deceased",26
"2021-06-14","Recovered",2656
"2021-06-15","Active",23
"2021-06-15","Deceased",26
"2021-06-15","Recovered",2660
"2021-06-16","Active",23
"2021-06-16","Deceased",26
"2021-06-16","Recovered",2662
"2021-06-17","Active",24
"2021-06-17","Deceased",26
"2021-06-17","Recovered",2663
"2021-06-18","Active",23
"2021-06-18","Deceased",26
"2021-06-18","Recovered",2665
"2021-06-20","Active",22
"2021-06-20","Deceased",26
"2021-06-20","Recovered",2670
"2021-06-21","Active",23
"2021-06-21","Deceased",26
"2021-06-21","Recovered",2671
"2021-06-22","Active",20
"2021-06-22","Deceased",26
"2021-06-22","Recovered",2673
"2021-06-23","Active",24
"2021-06-23","Deceased",26
"2021-06-23","Recovered",2673
"2021-06-24","Active",17
"2021-06-24","Deceased",26
"2021-06-24","Recovered",2680
"2021-06-25","Active",19
"2021-06-25","Deceased",26
"2021-06-25","Recovered",2680
"2021-06-27","Active",19
"2021-06-27","Deceased",26
"2021-06-27","Recovered",2683
"2021-06-28","Active",28
"2021-06-28","Deceased",26
"2021-06-28","Recovered",2684
"2021-06-29","Active",30
"2021-06-29","Deceased",26
"2021-06-29","Recovered",2685
"2021-06-30","Active",31
"2021-06-30","Deceased",26
"2021-06-30","Recovered",2685
"2021-07-01","Active",28
"2021-07-01","Deceased",26
"2021-07-01","Recovered",2686
"2021-07-02","Active",27
"2021-07-02","Deceased",26
"2021-07-02","Recovered",2689
"2021-07-04","Active",32
"2021-07-04","Deceased",26
"2021-07-04","Recovered",2693
"2021-07-05","Active",39
"2021-07-05","Deceased",26
"2021-07-05","Recovered",2693
"2021-07-06","Active",39
"2021-07-06","Deceased",26
"2021-07-06","Recovered",2696
"2021-07-07","Active",40
"2021-07-07","Deceased",26
"2021-07-07","Recovered",2697
"2021-07-08","Active",41
"2021-07-08","Deceased",26
"2021-07-08","Recovered",2697
"2021-07-09","Active",32
"2021-07-09","Deceased",26
"2021-07-09","Recovered",2707
"2021-07-11","Active",34
"2021-07-11","Deceased",26
"2021-07-11","Recovered",2707
"2021-07-12","Active",33
"2021-07-12","Deceased",26
"2021-07-12","Recovered",2709
"2021-07-13","Active",43
"2021-07-13","Deceased",26
"2021-07-13","Recovered",2717
"2021-07-14","Active",42
"2021-07-14","Deceased",26
"2021-07-14","Recovered",2722
"2021-07-15","Active",45
"2021-07-15","Deceased",26
"2021-07-15","Recovered",2723
"2021-07-16","Active",48
"2021-07-16","Deceased",26
"2021-07-16","Recovered",2729
"2021-07-18","Active",45
"2021-07-18","Deceased",26
"2021-07-18","Recovered",2743
"2021-07-19","Active",47
"2021-07-19","Deceased",26
"2021-07-19","Recovered",2744
"2021-07-20","Active",51
"2021-07-20","Deceased",26
"2021-07-20","Recovered",2745
"2021-07-21","Active",56
"2021-07-21","Deceased",26
"2021-07-21","Recovered",2746
"2021-07-22","Active",62
"2021-07-22","Deceased",26
"2021-07-22","Recovered",2747
"2021-07-23","Active",80
"2021-07-23","Deceased",26
"2021-07-23","Recovered",2749
"2021-07-25","Active",58
"2021-07-25","Deceased",26
"2021-07-25","Recovered",2778
"2021-07-26","Active",54
"2021-07-26","Deceased",26
"2021-07-26","Recovered",2783
"2021-07-27","Active",52
"2021-07-27","Deceased",26
"2021-07-27","Recovered",2785
"2021-07-28","Active",43
"2021-07-28","Deceased",26
"2021-07-28","Recovered",2795
"2021-07-29","Active",46
"2021-07-29","Deceased",26
"2021-07-29","Recovered",2795
"2021-07-30","Active",45
"2021-07-30","Deceased",26
"2021-07-30","Recovered",2799
"2021-08-01","Active",36
"2021-08-01","Deceased",26
"2021-08-01","Recovered",2811
"2021-08-02","Active",37
"2021-08-02","Deceased",26
"2021-08-02","Recovered",2814
"2021-08-03","Active",30
"2021-08-03","Deceased",26
"2021-08-03","Recovered",2821
"2021-08-04","Active",29
"2021-08-04","Deceased",26
"2021-08-04","Recovered",2824
"2021-08-05","Active",30
"2021-08-05","Deceased",26
"2021-08-05","Recovered",2824
"2021-08-06","Active",25
"2021-08-06","Deceased",26
"2021-08-06","Recovered",2829
"2021-08-08","Active",32
"2021-08-08","Deceased",26
"2021-08-08","Recovered",2828
"2021-08-09","Active",26
"2021-08-09","Deceased",26
"2021-08-09","Recovered",2838
"2021-08-10","Active",37
"2021-08-10","Deceased",26
"2021-08-10","Recovered",2839
"2021-08-11","Active",37
"2021-08-11","Deceased",26
"2021-08-11","Recovered",2841
"2021-08-12","Active",43
"2021-08-12","Deceased",26
"2021-08-12","Recovered",2844
"2021-08-13","Active",44
"2021-08-13","Deceased",26
"2021-08-13","Recovered",2844
"2021-08-15","Active",39
"2021-08-15","Deceased",26
"2021-08-15","Recovered",2854
"2021-08-16","Active",44
"2021-08-16","Deceased",26
"2021-08-16","Recovered",2856
"2021-08-17","Active",43
"2021-08-17","Deceased",26
"2021-08-17","Recovered",2857
"2021-08-18","Active",39
"2021-08-18","Deceased",26
"2021-08-18","Recovered",2871
"2021-08-20","Active",69
"2021-08-20","Deceased",26
"2021-08-20","Recovered",2873
"2021-08-22","Active",116
"2021-08-22","Deceased",26
"2021-08-22","Recovered",2874
"2021-08-23","Active",154
"2021-08-23","Deceased",26
"2021-08-23","Recovered",2874
"2021-08-24","Active",183
"2021-08-24","Deceased",26
"2021-08-24","Recovered",2887
"2021-08-25","Active",246
"2021-08-25","Deceased",26
"2021-08-25","Recovered",2887
"2021-08-26","Active",246
"2021-08-26","Deceased",26
"2021-08-26","Recovered",2887
"2021-08-27","Active",384
"2021-08-27","Deceased",26
"2021-08-27","Recovered",2887
"2021-08-29","Active",551
"2021-08-29","Deceased",26
"2021-08-29","Recovered",2887
"2021-08-30","Active",603
"2021-08-30","Deceased",26
"2021-08-30","Recovered",2890
"2021-08-31","Active",651
"2021-08-31","Deceased",26
"2021-08-31","Recovered",2892
"2021-09-01","Active",724
"2021-09-01","Deceased",26
"2021-09-01","Recovered",2895
"2021-09-02","Active",770
"2021-09-02","Deceased",26
"2021-09-02","Recovered",2901
"2021-09-03","Active",755
"2021-09-03","Deceased",26
"2021-09-03","Recovered",2948
"2021-09-05","Active",743
"2021-09-05","Deceased",27
"2021-09-05","Recovered",2998
"2021-09-06","Active",729
"2021-09-06","Deceased",27
"2021-09-06","Recovered",3036
"2021-09-07","Active",720
"2021-09-07","Deceased",27
"2021-09-07","Recovered",3066
"2021-09-08","Active",658
"2021-09-08","Deceased",27
"2021-09-08","Recovered",3144
"2021-09-09","Active",625
"2021-09-09","Deceased",27
"2021-09-09","Recovered",3195
"2021-09-10","Active",617
"2021-09-10","Deceased",27
"2021-09-10","Recovered",3222
"2021-09-12","Active",599
"2021-09-12","Deceased",27
"2021-09-12","Recovered",3287
"2021-09-13","Active",614
"2021-09-13","Deceased",27
"2021-09-13","Recovered",3308
"2021-09-14","Active",604
"2021-09-14","Deceased",27
"2021-09-14","Recovered",3335
"2021-09-15","Active",556
"2021-09-15","Deceased",27
"2021-09-15","Recovered",3398
"2021-09-16","Active",565
"2021-09-16","Deceased",27
"2021-09-16","Recovered",3407
"2021-09-17","Active",489
"2021-09-17","Deceased",27
"2021-09-17","Recovered",3498
"2021-09-19","Active",394
"2021-09-19","Deceased",27
"2021-09-19","Recovered",3639
"2021-09-20","Active",410
"2021-09-20","Deceased",27
"2021-09-20","Recovered",3645
"2021-09-21","Active",325
"2021-09-21","Deceased",27
"2021-09-21","Recovered",3743
"2021-09-22","Active",301
"2021-09-22","Deceased",27
"2021-09-22","Recovered",3791
"2021-09-23","Active",289
"2021-09-23","Deceased",27
"2021-09-23","Recovered",3819
"2021-09-24","Active",256
"2021-09-24","Deceased",27
"2021-09-24","Recovered",3861
"2021-09-26","Active",225
"2021-09-26","Deceased",27
"2021-09-26","Recovered",3931
"2021-09-27","Active",222
"2021-09-27","Deceased",27
"2021-09-27","Recovered",3945
"2021-09-28","Active",216
"2021-09-28","Deceased",27
"2021-09-28","Recovered",3961
"2021-09-29","Active",256
"2021-09-29","Deceased",27
"2021-09-29","Recovered",3965
"2021-09-30","Active",272
"2021-09-30","Deceased",27
"2021-09-30","Recovered",3974
"2021-10-01","Active",275
"2021-10-01","Deceased",27
"2021-10-01","Recovered",3989
"2021-10-03","Active",263
"2021-10-03","Deceased",27
"2021-10-03","Recovered",4062
"2021-10-04","Active",287
"2021-10-04","Deceased",27
"2021-10-04","Recovered",4068
"2021-10-05","Active",308
"2021-10-05","Deceased",27
"2021-10-05","Recovered",4073
"2021-10-06","Active",350
"2021-10-06","Deceased",27
"2021-10-06","Recovered",4073
"2021-10-07","Active",376
"2021-10-07","Deceased",27
"2021-10-07","Recovered",4077
"2021-10-08","Active",422
"2021-10-08","Deceased",28
"2021-10-08","Recovered",4077
"2021-10-10","Active",456
"2021-10-10","Deceased",28
"2021-10-10","Recovered",4140
"2021-10-11","Active",469
"2021-10-11","Deceased",28
"2021-10-11","Recovered",4162
"2021-10-12","Active",494
"2021-10-12","Deceased",28
"2021-10-12","Recovered",4182
"2021-10-13","Active",547
"2021-10-13","Deceased",28
"2021-10-13","Recovered",4184
"2021-10-14","Active",617
"2021-10-14","Deceased",28
"2021-10-14","Recovered",4186
"2021-10-15","Active",683
"2021-10-15","Deceased",28
"2021-10-15","Recovered",4186
"2021-10-17","Active",642
"2021-10-17","Deceased",28
"2021-10-17","Recovered",4321
"2021-10-18","Active",652
"2021-10-18","Deceased",28
"2021-10-18","Recovered",4375
"2021-10-19","Active",736
"2021-10-19","Deceased",28
"2021-10-19","Recovered",4389
"2021-10-20","Active",790
"2021-10-20","Deceased",28
"2021-10-20","Recovered",4395
"2021-10-21","Active",891
"2021-10-21","Deceased",28
"2021-10-21","Recovered",4396
"2021-10-22","Active",1019
"2021-10-22","Deceased",28
"2021-10-22","Recovered",4402
"2021-10-25","Active",1256
"2021-10-25","Deceased",28
"2021-10-25","Recovered",4465
"2021-10-26","Active",1232
"2021-10-26","Deceased",28
"2021-10-26","Recovered",4562
"2021-10-27","Active",1304
"2021-10-27","Deceased",28
"2021-10-27","Recovered",4567
"2021-10-28","Active",1393
"2021-10-28","Deceased",28
"2021-10-28","Recovered",4574
"2021-10-29","Active",1516
"2021-10-29","Deceased",28
"2021-10-29","Recovered",4580
"2021-10-31","Active",1753
"2021-10-31","Deceased",28
"2021-10-31","Recovered",4647
"2021-11-01","Active",1916
"2021-11-01","Deceased",28
"2021-11-01","Recovered",4650
"2021-11-02","Active",1964
"2021-11-02","Deceased",28
"2021-11-02","Recovered",4731
"2021-11-03","Active",2062
"2021-11-03","Deceased",28
"2021-11-03","Recovered",4742
"2021-11-04","Active",2185
"2021-11-04","Deceased",28
"2021-11-04","Recovered",4759
"2021-11-05","Active",2336
"2021-11-05","Deceased",29
"2021-11-05","Recovered",4773
"2021-11-07","Active",2564
"2021-11-07","Deceased",31
"2021-11-07","Recovered",4861
"2021-11-08","Active",2754
"2021-11-08","Deceased",32
"2021-11-08","Recovered",4862
"2021-11-09","Active",2825
"2021-11-09","Deceased",32
"2021-11-09","Recovered",4918
"2021-11-10","Active",2967
"2021-11-10","Deceased",32
"2021-11-10","Recovered",4923
"2021-11-11","Active",3091
"2021-11-11","Deceased",33
"2021-11-11","Recovered",4983
"2021-11-12","Active",3275
"2021-11-12","Deceased",33
"2021-11-12","Recovered",4998
"2021-11-14","Active",3569
"2021-11-14","Deceased",33
"2021-11-14","Recovered",5090
"2021-11-16","Active",3871
"2021-11-16","Deceased",35
"2021-11-16","Recovered",5182
"2021-11-17","Active",4051
"2021-11-17","Deceased",35
"2021-11-17","Recovered",5199
"2021-11-19","Active",4324
"2021-11-19","Deceased",38
"2021-11-19","Recovered",5290
"2021-11-21","Active",4437
"2021-11-21","Deceased",39
"2021-11-21","Recovered",5496
"2021-11-22","Active",4638
"2021-11-22","Deceased",40
"2021-11-22","Recovered",5498
"2021-11-23","Active",4828
"2021-11-23","Deceased",40
"2021-11-23","Recovered",5525
"2021-11-24","Active",5036
"2021-11-24","Deceased",40
"2021-11-24","Recovered",5533
"2021-11-25","Active",5213
"2021-11-25","Deceased",41
"2021-11-25","Recovered",5535
"2021-11-26","Active",5375
"2021-11-26","Deceased",42
"2021-11-26","Recovered",5549
"2021-11-28","Active",5582
"2021-11-28","Deceased",43
"2021-11-28","Recovered",5635
"2021-11-29","Active",5756
"2021-11-29","Deceased",43
"2021-11-29","Recovered",5645
"2021-11-30","Active",5878
"2021-11-30","Deceased",44
"2021-11-30","Recovered",5654
"2021-12-01","Active",6008
"2021-12-01","Deceased",44
"2021-12-01","Recovered",5671
"2021-12-02","Active",6147
"2021-12-02","Deceased",44
"2021-12-02","Recovered",5704
"2021-12-03","Active",6189
"2021-12-03","Deceased",44
"2021-12-03","Recovered",5759
"2021-12-05","Active",6317
"2021-12-05","Deceased",44
"2021-12-05","Recovered",5834
"2021-12-06","Active",6402
"2021-12-06","Deceased",44
"2021-12-06","Recovered",5885
"2021-12-07","Active",6416
"2021-12-07","Deceased",44
"2021-12-07","Recovered",5968
"2021-12-08","Active",6463
"2021-12-08","Deceased",44
"2021-12-08","Recovered",6009
"2021-12-09","Active",6558
"2021-12-09","Deceased",44
"2021-12-09","Recovered",6019
"2021-12-12","Active",6738
"2021-12-12","Deceased",46
"2021-12-12","Recovered",6100
"2021-12-13","Active",6811
"2021-12-13","Deceased",47
"2021-12-13","Recovered",6128
"2021-12-14","Active",6863
"2021-12-14","Deceased",47
"2021-12-14","Recovered",6157
"2021-12-15","Active",6903
"2021-12-15","Deceased",47
"2021-12-15","Recovered",6193
"2021-12-17","Active",2103
"2021-12-17","Deceased",49
"2021-12-17","Recovered",11165
"2021-12-19","Active",1902
"2021-12-19","Deceased",49
"2021-12-19","Recovered",11474
"2021-12-20","Active",1804
"2021-12-20","Deceased",49
"2021-12-20","Recovered",11642
"2021-12-21","Active",1721
"2021-12-21","Deceased",49
"2021-12-21","Recovered",11761
"2021-12-22","Active",1653
"2021-12-22","Deceased",49
"2021-12-22","Recovered",11887
"2021-12-23","Active",1585
"2021-12-23","Deceased",49
"2021-12-23","Recovered",12014
"2021-12-24","Active",1548
"2021-12-24","Deceased",49
"2021-12-24","Recovered",12122
"2021-12-26","Active",1444
"2021-12-26","Deceased",50
"2021-12-26","Recovered",12361
"2021-12-27","Active",1391
"2021-12-27","Deceased",50
"2021-12-27","Recovered",12458
"2021-12-28","Active",1334
"2021-12-28","Deceased",50
"2021-12-28","Recovered",12548
"2021-12-29","Active",1272
"2021-12-29","Deceased",51
"2021-12-29","Recovered",12663
"2021-12-30","Active",1226
"2021-12-30","Deceased",51
"2021-12-30","Recovered",12780
"2022-01-01","Active",1197
"2022-01-01","Deceased",51
"2022-01-01","Recovered",12870
"2022-01-03","Active",1138
"2022-01-03","Deceased",51
"2022-01-03","Recovered",13117
"2022-01-05","Active",1102
"2022-01-05","Deceased",51
"2022-01-05","Recovered",13252
"2022-01-06","Active",1081
"2022-01-06","Deceased",51
"2022-01-06","Recovered",13335
"2022-01-08","Active",1068
"2022-01-08","Deceased",51
"2022-01-08","Recovered",13406
"2022-01-09","Active",1087
"2022-01-09","Deceased",51
"2022-01-09","Recovered",13535
"2022-01-10","Active",1073
"2022-01-10","Deceased",51
"2022-01-10","Recovered",13609
"2022-01-11","Active",1051
"2022-01-11","Deceased",51
"2022-01-11","Recovered",13654
"2022-01-12","Active",1062
"2022-01-12","Deceased",52
"2022-01-12","Recovered",13734
"2022-01-13","Active",1035
"2022-01-13","Deceased",52
"2022-01-13","Recovered",13800
"2022-01-14","Active",1051
"2022-01-14","Deceased",52
"2022-01-14","Recovered",13844
"2022-01-16","Active",1025
"2022-01-16","Deceased",52
"2022-01-16","Recovered",13992
"2022-01-17","Active",1024
"2022-01-17","Deceased",52
"2022-01-17","Recovered",14051
"2022-01-18","Active",1028
"2022-01-18","Deceased",52
"2022-01-18","Recovered",14090
"2022-01-19","Active",1026
"2022-01-19","Deceased",52
"2022-01-19","Recovered",14171
"2022-01-20","Active",1037
"2022-01-20","Deceased",52
"2022-01-20","Recovered",14245
"2022-01-24","Active",1133
"2022-01-24","Deceased",52
"2022-01-24","Recovered",14440
"2022-01-26","Active",1190
"2022-01-26","Deceased",52
"2022-01-26","Recovered",14503
"2022-01-27","Active",1241
"2022-01-27","Deceased",52
"2022-01-27","Recovered",14549
"2022-01-28","Active",1320
"2022-01-28","Deceased",52
"2022-01-28","Recovered",14619
"2022-01-30","Active",1497
"2022-01-30","Deceased",52
"2022-01-30","Recovered",14737
"2022-01-31","Active",1553
"2022-01-31","Deceased",53
"2022-01-31","Recovered",14810
"2022-02-01","Active",1702
"2022-02-01","Deceased",53
"2022-02-01","Recovered",14865
"2022-02-02","Active",1835
"2022-02-02","Deceased",53
"2022-02-02","Recovered",14929
"2022-02-03","Active",1974
"2022-02-03","Deceased",53
"2022-02-03","Recovered",14978
"2022-02-04","Active",2179
"2022-02-04","Deceased",53
"2022-02-04","Recovered",15045
"2022-02-07","Active",2707
"2022-02-07","Deceased",53
"2022-02-07","Recovered",15228
"2022-02-08","Active",2880
"2022-02-08","Deceased",53
"2022-02-08","Recovered",15320
"2022-02-09","Active",3035
"2022-02-09","Deceased",53
"2022-02-09","Recovered",15415
"2022-02-10","Active",3285
"2022-02-10","Deceased",53
"2022-02-10","Recovered",15499
"2022-02-11","Active",3660
"2022-02-11","Deceased",53
"2022-02-11","Recovered",15600
"2022-02-12","Active",4059
"2022-02-12","Deceased",53
"2022-02-12","Recovered",15665
"2022-02-14","Active",5656
"2022-02-14","Deceased",53
"2022-02-14","Recovered",15864
"2022-02-15","Active",6309
"2022-02-15","Deceased",53
"2022-02-15","Recovered",15966
"2022-02-16","Active",7365
"2022-02-16","Deceased",53
"2022-02-16","Recovered",16091
"2022-02-17","Active",8734
"2022-02-17","Deceased",53
"2022-02-17","Recovered",16263
"2022-02-18","Active",10412
"2022-02-18","Deceased",53
"2022-02-18","Recovered",16470
"2022-02-20","Active",14259
"2022-02-20","Deceased",53
"2022-02-20","Recovered",16775
"2022-02-21","Active",16371
"2022-02-21","Deceased",53
"2022-02-21","Recovered",16893
"2022-02-22","Active",19026
"2022-02-22","Deceased",56
"2022-02-22","Recovered",17080
"2022-02-23","Active",22022
"2022-02-23","Deceased",56
"2022-02-23","Recovered",17267
"2022-02-24","Active",27949
"2022-02-24","Deceased",56
"2022-02-24","Recovered",17468
"2022-02-25","Active",39720
"2022-02-25","Deceased",56
"2022-02-25","Recovered",17721
"2022-02-27","Active",67968
"2022-02-27","Deceased",56
"2022-02-27","Recovered",18114
"2022-02-28","Active",82433
"2022-02-28","Deceased",56
"2022-02-28","Recovered",18332
"2022-03-01","Active",100143
"2022-03-01","Deceased",56
"2022-03-01","Recovered",18613
"2022-03-02","Active",124114
"2022-03-02","Deceased",56
"2022-03-02","Recovered",18748
"2022-03-03","Active",146779
"2022-03-03","Deceased",56
"2022-03-03","Recovered",19263
"2022-03-04","Active",152479
"2022-03-04","Deceased",63
"2022-03-04","Recovered",36138
"2022-03-06","Active",179536
"2022-03-06","Deceased",65
"2022-03-06","Recovered",43166
"2022-03-07","Active",192608
"2022-03-07","Deceased",65
"2022-03-07","Recovered",47646
"2022-03-08","Active",192579
"2022-03-08","Deceased",65
"2022-03-08","Recovered",71611
"2022-03-09","Active",202257
"2022-03-09","Deceased",65
"2022-03-09","Recovered",84428
"2022-03-10","Active",208734
"2022-03-10","Deceased",81
"2022-03-10","Recovered",98988
"2022-03-11","Active",209867
"2022-03-11","Deceased",86
"2022-03-11","Recovered",118883
"2022-03-13","Active",197387
"2022-03-13","Deceased",101
"2022-03-13","Recovered",164621
"2022-03-14","Active",190467
"2022-03-14","Deceased",102
"2022-03-14","Recovered",187116
"2022-03-15","Active",193265
"2022-03-15","Deceased",102
"2022-03-15","Recovered",205975
"2022-03-17","Active",199847
"2022-03-17","Deceased",135
"2022-03-17","Recovered",238495
"2022-03-18","Active",123867
"2022-03-18","Deceased",138
"2022-03-18","Recovered",328665
"2022-03-20","Active",121134
"2022-03-20","Deceased",151
"2022-03-20","Recovered",361937
"2022-03-21","Active",120059
"2022-03-21","Deceased",163
"2022-03-21","Recovered",377509
"2022-03-22","Active",119346
"2022-03-22","Deceased",177
"2022-03-22","Recovered",399162
"2022-03-23","Active",119989
"2022-03-23","Deceased",184
"2022-03-23","Recovered",418666
"2022-03-24","Active",118869
"2022-03-24","Deceased",192
"2022-03-24","Recovered",438269
"2022-03-27","Active",114511
"2022-03-27","Deceased",223
"2022-03-27","Recovered",483011
"2022-03-28","Active",112976
"2022-03-28","Deceased",231
"2022-03-28","Recovered",497480
"2022-03-29","Active",109227
"2022-03-29","Deceased",266
"2022-03-29","Recovered",518405
"2022-03-30","Active",105065
"2022-03-30","Deceased",278
"2022-03-30","Recovered",538532
"2022-03-31","Active",101875
"2022-03-31","Deceased",299
"2022-03-31","Recovered",557001
"2022-04-01","Active",99486
"2022-04-01","Deceased",314
"2022-04-01","Recovered",572912
"2022-04-03","Active",95078
"2022-04-03","Deceased",350
"2022-04-03","Recovered",597791
"2022-04-04","Active",92789
"2022-04-04","Deceased",363
"2022-04-04","Recovered",610315
"2022-04-05","Active",89760
"2022-04-05","Deceased",386
"2022-04-05","Recovered",627504
"2022-04-06","Active",86403
"2022-04-06","Deceased",404
"2022-04-06","Recovered",643478
"2022-04-07","Active",82799
"2022-04-07","Deceased",426
"2022-04-07","Recovered",658762
"2022-04-10","Active",74087
"2022-04-10","Deceased",457
"2022-04-10","Recovered",692751
"2022-04-11","Active",71466
"2022-04-11","Deceased",469
"2022-04-11","Recovered",702993
"2022-04-12","Active",68400
"2022-04-12","Deceased",483
"2022-04-12","Recovered",717175
"2022-04-13","Active",65309
"2022-04-13","Deceased",497
"2022-04-13","Recovered",729800
"2022-04-14","Active",63240
"2022-04-14","Deceased",514
"2022-04-14","Recovered",741486
"2022-04-18","Active",56177
"2022-04-18","Deceased",564
"2022-04-18","Recovered",774408
"2022-04-19","Active",53372
"2022-04-19","Deceased",570
"2022-04-19","Recovered",785513
"2022-04-20","Active",55138
"2022-04-20","Deceased",582
"2022-04-20","Recovered",795027
"2022-04-21","Active",55860
"2022-04-21","Deceased",600
"2022-04-21","Recovered",804658
"2022-04-22","Active",57491
"2022-04-22","Deceased",610
"2022-04-22","Recovered",812490
"2022-04-26","Active",56983
"2022-04-26","Deceased",649
"2022-04-26","Recovered",838863
"2022-04-27","Active",55591
"2022-04-27","Deceased",671
"2022-04-27","Recovered",850135
"2022-04-28","Active",54355
"2022-04-28","Deceased",683
"2022-04-28","Recovered",860484
"2022-04-29","Active",53229
"2022-04-29","Deceased",696
"2022-04-29","Recovered",869922
"2022-05-01","Active",52397
"2022-05-01","Deceased",707
"2022-05-01","Recovered",883593
"2022-05-02","Active",53395
"2022-05-02","Deceased",713
"2022-05-02","Recovered",889320
"2022-05-03","Active",56194
"2022-05-03","Deceased",731
"2022-05-03","Recovered",895772
"2022-05-05","Active",54444
"2022-05-05","Deceased",774
"2022-05-05","Recovered",914741
"2022-05-06","Active",53547
"2022-05-06","Deceased",797
"2022-05-06","Recovered",923036
"2022-05-09","Active",52999
"2022-05-09","Deceased",812
"2022-05-09","Recovered",942606
"2022-05-10","Active",56131
"2022-05-10","Deceased",826
"2022-05-10","Recovered",948717
"2022-05-11","Active",52482
"2022-05-11","Deceased",855
"2022-05-11","Recovered",960384
"2022-05-12","Active",53263
"2022-05-12","Deceased",863
"2022-05-12","Recovered",969079
"2022-05-13","Active",53358
"2022-05-13","Deceased",892
"2022-05-13","Recovered",976483
"2022-05-15","Active",53755
"2022-05-15","Deceased",923
"2022-05-15","Recovered",989005
"2022-05-16","Active",54397
"2022-05-16","Deceased",929
"2022-05-16","Recovered",995471
"2022-05-17","Active",55042
"2022-05-17","Deceased",937
"2022-05-17","Recovered",1004731
"2022-05-18","Active",56652
"2022-05-18","Deceased",967
"2022-05-18","Recovered",1012754
"2022-05-19","Active",56361
"2022-05-19","Deceased",973
"2022-05-19","Recovered",1022223
"2022-05-20","Active",56734
"2022-05-20","Deceased",990
"2022-05-20","Recovered",1029742
"2022-05-22","Active",55565
"2022-05-22","Deceased",1007
"2022-05-22","Recovered",1042678
"2022-05-23","Active",54517
"2022-05-23","Deceased",1017
"2022-05-23","Recovered",1049783
"2022-05-24","Active",53083
"2022-05-24","Deceased",1031
"2022-05-24","Recovered",1059714
"2022-05-25","Active",51679
"2022-05-25","Deceased",1041
"2022-05-25","Recovered",1069355
"2022-05-26","Active",50171
"2022-05-26","Deceased",1057
"2022-05-26","Recovered",1078521
"2022-05-27","Active",49229
"2022-05-27","Deceased",1087
"2022-05-27","Recovered",1086392
"2022-05-29","Active",48786
"2022-05-29","Deceased",1107
"2022-05-29","Recovered",1098152
"2022-05-30","Active",48620
"2022-05-30","Deceased",1112
"2022-05-30","Recovered",1104214
"2022-05-31","Active",48670
"2022-05-31","Deceased",1128
"2022-05-31","Recovered",1112701
"2022-06-01","Active",48739
"2022-06-01","Deceased",1140
"2022-06-01","Recovered",1120936
"2022-06-02","Active",49064
"2022-06-02","Deceased",1151
"2022-06-02","Recovered",1128601
"2022-06-03","Active",48434
"2022-06-03","Deceased",1163
"2022-06-03","Recovered",1135554
"2022-06-07","Active",43903
"2022-06-07","Deceased",1194
"2022-06-07","Recovered",1161314
"2022-06-08","Active",42719
"2022-06-08","Deceased",1216
"2022-06-08","Recovered",1169611
"2022-06-09","Active",42885
"2022-06-09","Deceased",1240
"2022-06-09","Recovered",1177599
"2022-06-10","Active",43018
"2022-06-10","Deceased",1247
"2022-06-10","Recovered",1183922
"2022-06-12","Active",41934
"2022-06-12","Deceased",1261
"2022-06-12","Recovered",1194784
"2022-06-14","Active",42422
"2022-06-14","Deceased",1286
"2022-06-14","Recovered",1205144
"2022-06-15","Active",40925
"2022-06-15","Deceased",1295
"2022-06-15","Recovered",1212340
"2022-06-16","Active",38708
"2022-06-16","Deceased",1308
"2022-06-16","Recovered",1220425
"2022-06-17","Active",37262
"2022-06-17","Deceased",1315
"2022-06-17","Recovered",1226878
"2022-06-19","Active",35418
"2022-06-19","Deceased",1329
"2022-06-19","Recovered",1236642
"2022-06-20","Active",35040
"2022-06-20","Deceased",1337
"2022-06-20","Recovered",1241191
"2022-06-21","Active",34591
"2022-06-21","Deceased",1350
"2022-06-21","Recovered",1247503
"2022-06-22","Active",34565
"2022-06-22","Deceased",1368
"2022-06-22","Recovered",1253195
"2022-06-23","Active",34184
"2022-06-23","Deceased",1380
"2022-06-23","Recovered",1259093
"2022-06-26","Active",34991
"2022-06-26","Deceased",1410
"2022-06-26","Recovered",1271986
"2022-06-27","Active",36569
"2022-06-27","Deceased",1421
"2022-06-27","Recovered",1276155
"2022-06-28","Active",39037
"2022-06-28","Deceased",1437
"2022-06-28","Recovered",1282002
"2022-06-29","Active",41355
"2022-06-29","Deceased",1449
"2022-06-29","Recovered",1287734
"2022-06-30","Active",43768
"2022-06-30","Deceased",1466
"2022-06-30","Recovered",1293267
"2022-07-01","Active",46041
"2022-07-01","Deceased",1473
"2022-07-01","Recovered",1298282
"2022-07-03","Active",49484
"2022-07-03","Deceased",1505
"2022-07-03","Recovered",1306873
"2022-07-04","Active",50581
"2022-07-04","Deceased",1512
"2022-07-04","Recovered",1312640
"2022-07-05","Active",52028
"2022-07-05","Deceased",1534
"2022-07-05","Recovered",1320973
"2022-07-11","Active",66810
"2022-07-11","Deceased",1628
"2022-07-11","Recovered",1370161
"2022-07-12","Active",68831
"2022-07-12","Deceased",1645
"2022-07-12","Recovered",1379975
"2022-07-13","Active",70081
"2022-07-13","Deceased",1674
"2022-07-13","Recovered",1390502
"2022-07-14","Active",70847
"2022-07-14","Deceased",1697
"2022-07-14","Recovered",1401411
"2022-07-15","Active",72088
"2022-07-15","Deceased",1713
"2022-07-15","Recovered",1410945
"2022-07-17","Active",70762
"2022-07-17","Deceased",1763
"2022-07-17","Recovered",1428229
"2022-07-19","Active",68966
"2022-07-19","Deceased",1803
"2022-07-19","Recovered",1448721
"2022-07-20","Active",67884
"2022-07-20","Deceased",1837
"2022-07-20","Recovered",1460465
"2022-07-21","Active",66492
"2022-07-21","Deceased",1868
"2022-07-21","Recovered",1472149
"2022-07-22","Active",64780
"2022-07-22","Deceased",1890
"2022-07-22","Recovered",1482919
"2022-07-24","Active",62398
"2022-07-24","Deceased",1925
"2022-07-24","Recovered",1499187
"2022-07-25","Active",61981
"2022-07-25","Deceased",1941
"2022-07-25","Recovered",1506880
"2022-07-26","Active",60935
"2022-07-26","Deceased",1396
"2022-07-26","Recovered",1518146
"2022-07-28","Active",56950
"2022-07-28","Deceased",1455
"2022-07-28","Recovered",1539111
"2022-07-29","Active",55796
"2022-07-29","Deceased",1479
"2022-07-29","Recovered",1548141
"2022-07-31","Active",52538
"2022-07-31","Deceased",1502
"2022-07-31","Recovered",1562301
"2022-08-01","Active",51098
"2022-08-01","Deceased",1502
"2022-08-01","Recovered",1569316
"2022-08-02","Active",48788
"2022-08-02","Deceased",1563
"2022-08-02","Recovered",1578947
"2022-08-03","Active",46362
"2022-08-03","Deceased",1589
"2022-08-03","Recovered",1588041
"2022-08-05","Active",42366
"2022-08-05","Deceased",1624
"2022-08-05","Recovered",1603836
"2022-08-07","Active",39619
"2022-08-07","Deceased",1638
"2022-08-07","Recovered",1614972
"2022-08-08","Active",38463
"2022-08-08","Deceased",1638
"2022-08-08","Recovered",1620301
"2022-08-09","Active",37207
"2022-08-09","Deceased",1688
"2022-08-09","Recovered",1627644
"2022-08-10","Active",35890
"2022-08-10","Deceased",1705
"2022-08-10","Recovered",1634327
"2022-08-11","Active",34568
"2022-08-11","Deceased",1726
"2022-08-11","Recovered",1640644
"2022-08-12","Active",33345
"2022-08-12","Deceased",1733
"2022-08-12","Recovered",1646131
"2022-08-14","Active",31296
"2022-08-14","Deceased",1750
"2022-08-14","Recovered",1654659
"2022-08-15","Active",30802
"2022-08-15","Deceased",1750
"2022-08-15","Recovered",1658709
"2022-08-16","Active",29670
"2022-08-16","Deceased",1782
"2022-08-16","Recovered",1664787
"2022-08-17","Active",28940
"2022-08-17","Deceased",1794
"2022-08-17","Recovered",1670166
"2022-08-18","Active",28570
"2022-08-18","Deceased",1807
"2022-08-18","Recovered",1675220
"2022-08-19","Active",28187
"2022-08-19","Deceased",1815
"2022-08-19","Recovered",1679539
"2022-08-21","Active",27181
"2022-08-21","Deceased",1824
"2022-08-21","Recovered",1686160
"2022-08-22","Active",26609
"2022-08-22","Deceased",1824
"2022-08-22","Recovered",1689576
"2022-08-23","Active",25464
"2022-08-23","Deceased",1841
"2022-08-23","Recovered",1694531
"2022-08-24","Active",24072
"2022-08-24","Deceased",1845
"2022-08-24","Recovered",1699193
"2022-08-25","Active",22360
"2022-08-25","Deceased",1845
"2022-08-25","Recovered",1703813
"2022-08-26","Active",20944
"2022-08-26","Deceased",1865
"2022-08-26","Recovered",1707685
"2022-08-28","Active",18861
"2022-08-28","Deceased",1869
"2022-08-28","Recovered",1713427
"2022-08-29","Active",17878
"2022-08-29","Deceased",1869
"2022-08-29","Recovered",1716155
"2022-08-30","Active",16647
"2022-08-30","Deceased",1884
"2022-08-30","Recovered",1719961
"2022-08-31","Active",15715
"2022-08-31","Deceased",1893
"2022-08-31","Recovered",1723232
"2022-09-01","Active",15018
"2022-09-01","Deceased",1908
"2022-09-01","Recovered",1726116
"2022-09-02","Active",14430
"2022-09-02","Deceased",1910
"2022-09-02","Recovered",1728597
"2022-09-04","Active",13494
"2022-09-04","Deceased",1915
"2022-09-04","Recovered",1732330
"2022-09-05","Active",13201
"2022-09-05","Deceased",1915
"2022-09-05","Recovered",1734023
"2022-09-06","Active",12772
"2022-09-06","Deceased",1933
"2022-09-06","Recovered",1736579
"2022-09-07","Active",12328
"2022-09-07","Deceased",1939
"2022-09-07","Recovered",1738915
"2022-09-08","Active",11851
"2022-09-08","Deceased",1941
"2022-09-08","Recovered",1741113
"2022-09-09","Active",11502
"2022-09-09","Deceased",1944
"2022-09-09","Recovered",1742997
"2022-09-11","Active",11080
"2022-09-11","Deceased",1950
"2022-09-11","Recovered",1745854
"2022-09-12","Active",10974
"2022-09-12","Deceased",1950
"2022-09-12","Recovered",1747189
"2022-09-13","Active",10846
"2022-09-13","Deceased",1962
"2022-09-13","Recovered",1749317
"2022-09-27","Deceased",2030
"2022-09-27","Recovered",1767660
"2022-10-03","Deceased",2038
"2022-10-03","Recovered",1777436
"2022-10-17","Deceased",2065
"2022-10-17","Recovered",1798540
"2022-10-24","Deceased",2095
"2022-10-24","Recovered",1812785
"2022-10-31","Deceased",2106
"2022-10-31","Recovered",1829106
"2022-11-07","Deceased",2119
"2022-11-07","Recovered",1849572
"2022-11-14","Deceased",2154
"2022-11-14","Recovered",1870321
"2022-11-21","Deceased",2182
"2022-11-21","Recovered",1891853
"2022-11-28","Deceased",2212
"2022-11-28","Recovered",1915871
"2022-12-05","Deceased",2235
"2022-12-05","Recovered",1942897
"2022-12-12","Deceased",2257
"2022-12-12","Recovered",1977388
"2022-12-19","Deceased",2288
"2022-12-19","Recovered",2017409
"2023-01-09","Deceased",2393
"2023-01-09","Recovered",2114718
"2023-01-16","Deceased",2437
"2023-01-16","Recovered",2136333
